{
    "learning_rate": 0.12106896936002161,
    "depth": 4,
    "l2_leaf_reg": 1.3399549522183016
}